xsurvey,obs,group,grouplabel,round,cmc,noSDPany,noSDPlow,SDPall_essential5_offer,SDPall_essential5_curav,SDPall_essential5_ready,SDPall_essential5_rnoso,SDPall_essential5_offer_1,SDPall_essential5_offer_2,SDPall_essential5_offer_3,SDPall_essential5_offer_4,SDPall_essential5_curav_1,SDPall_essential5_curav_2,SDPall_essential5_curav_3,SDPall_essential5_curav_4,SDPall_essential5_ready_1,SDPall_essential5_ready_2,SDPall_essential5_ready_3,SDPall_essential5_ready_4,SDPall_essential5_rnoso_1,SDPall_essential5_rnoso_2,SDPall_essential5_rnoso_3,SDPall_essential5_rnoso_4,SDPlow_essential5_offer,SDPlow_essential5_curav,SDPlow_essential5_ready,SDPlow_essential5_rnoso,SDPlow_essential5_offer_1,SDPlow_essential5_offer_2,SDPlow_essential5_offer_3,SDPlow_essential5_offer_4,SDPlow_essential5_curav_1,SDPlow_essential5_curav_2,SDPlow_essential5_curav_3,SDPlow_essential5_curav_4,SDPlow_essential5_ready_1,SDPlow_essential5_ready_2,SDPlow_essential5_ready_3,SDPlow_essential5_ready_4,SDPlow_essential5_rnoso_1,SDPlow_essential5_rnoso_2,SDPlow_essential5_rnoso_3,SDPlow_essential5_rnoso_4,diff_SDPall_essential5_offer_1,diff_SDPall_essential5_curav_1,diff_SDPall_essential5_ready_1,diff_SDPall_essential5_rnoso_1,diff_SDPlow_essential5_offer_1,diff_SDPlow_essential5_curav_1,diff_SDPlow_essential5_ready_1,diff_SDPlow_essential5_rnoso_1,ratio_SDPall_essential5_offer_1,ratio_SDPall_essential5_curav_1,ratio_SDPall_essential5_ready_1,ratio_SDPall_essential5_rnoso_1,ratio_SDPlow_essential5_offer_1,ratio_SDPlow_essential5_curav_1,ratio_SDPlow_essential5_ready_1,ratio_SDPlow_essential5_rnoso_1,diff_SDPall_essential5_offer_2,diff_SDPall_essential5_curav_2,diff_SDPall_essential5_ready_2,diff_SDPall_essential5_rnoso_2,diff_SDPlow_essential5_offer_2,diff_SDPlow_essential5_curav_2,diff_SDPlow_essential5_ready_2,diff_SDPlow_essential5_rnoso_2,ratio_SDPall_essential5_offer_2,ratio_SDPall_essential5_curav_2,ratio_SDPall_essential5_ready_2,ratio_SDPall_essential5_rnoso_2,ratio_SDPlow_essential5_offer_2,ratio_SDPlow_essential5_curav_2,ratio_SDPlow_essential5_ready_2,ratio_SDPlow_essential5_rnoso_2,diff_SDPall_essential5_offer_3,diff_SDPall_essential5_curav_3,diff_SDPall_essential5_ready_3,diff_SDPall_essential5_rnoso_3,diff_SDPlow_essential5_offer_3,diff_SDPlow_essential5_curav_3,diff_SDPlow_essential5_ready_3,diff_SDPlow_essential5_rnoso_3,ratio_SDPall_essential5_offer_3,ratio_SDPall_essential5_curav_3,ratio_SDPall_essential5_ready_3,ratio_SDPall_essential5_rnoso_3,ratio_SDPlow_essential5_offer_3,ratio_SDPlow_essential5_curav_3,ratio_SDPlow_essential5_ready_3,ratio_SDPlow_essential5_rnoso_3,diff_SDPall_essential5_offer_4,diff_SDPall_essential5_curav_4,diff_SDPall_essential5_ready_4,diff_SDPall_essential5_rnoso_4,diff_SDPlow_essential5_offer_4,diff_SDPlow_essential5_curav_4,diff_SDPlow_essential5_ready_4,diff_SDPlow_essential5_rnoso_4,ratio_SDPall_essential5_offer_4,ratio_SDPall_essential5_curav_4,ratio_SDPall_essential5_ready_4,ratio_SDPall_essential5_rnoso_4,ratio_SDPlow_essential5_offer_4,ratio_SDPlow_essential5_curav_4,ratio_SDPlow_essential5_ready_4,ratio_SDPlow_essential5_rnoso_4,country,countrycode,year,month,latestIR
BFR1,2064,All,All,1,1379,0,0,100,95.90000000000001,72.60000000000001,66.5,100,100,100,100,95.900002,95.900002,95.900002,95.900002,72.599998,72.599998,72.599998,72.599998,66.5,66.5,66.5,66.5,91.10000000000001,91.10000000000001,46.1,34,91.099998,91.099998,91.099998,91.099998,91.099998,91.099998,91.099998,91.099998,46.099998,46.099998,46.099998,46.099998,34,34,34,34,0,1.5258789e-06,-1.5258789e-06,0,-1.5258789e-06,-1.5258789e-06,-1.5258789e-06,0,1,1,1,1,1,1,.99999994,1,0,1.5258789e-06,-1.5258789e-06,0,-1.5258789e-06,-1.5258789e-06,-1.5258789e-06,0,1,1,1,1,1,1,.99999994,1,0,1.5258789e-06,-1.5258789e-06,0,-1.5258789e-06,-1.5258789e-06,-1.5258789e-06,0,1,1,1,1,1,1,.99999994,1,0,1.5258789e-06,-1.5258789e-06,0,-1.5258789e-06,-1.5258789e-06,-1.5258789e-06,0,1,1,1,1,1,1,.99999994,1,Burkina Faso,BF,2014,11,0
BFR2,2102,All,All,2,1385,0,0,100,100,55.8,54.90000000000001,100,100,100,100,100,100,100,100,55.799999,55.799999,55.799999,55.799999,54.900002,54.900002,54.900002,54.900002,93.7,93.2,46.5,42.90000000000001,93.699997,93.699997,93.699997,93.699997,93.199997,93.199997,93.199997,93.199997,46.5,46.5,46.5,46.5,42.900002,42.900002,42.900002,42.900002,0,0,-7.6293946e-07,1.5258789e-06,-3.0517579e-06,-3.0517579e-06,0,1.5258789e-06,1,1,1,1,.99999994,.99999994,1,1,0,0,-7.6293946e-07,1.5258789e-06,-3.0517579e-06,-3.0517579e-06,0,1.5258789e-06,1,1,1,1,.99999994,.99999994,1,1,0,0,-7.6293946e-07,1.5258789e-06,-3.0517579e-06,-3.0517579e-06,0,1.5258789e-06,1,1,1,1,.99999994,.99999994,1,1,0,0,-7.6293946e-07,1.5258789e-06,-3.0517579e-06,-3.0517579e-06,0,1.5258789e-06,1,1,1,1,.99999994,.99999994,1,1,Burkina Faso,BF,2015,5,0
BFR3,3261,All,All,3,1395,0,2.2,100,100,67.5,66,100,100,100,100,100,100,100,100,67.5,67.5,67.5,67.5,66,66,66,66,93.7,83.7,46.90000000000001,44.3,93.900002,93.900002,93.900002,91.699997,84,84,84,81.800003,45.799999,45.799999,45.799999,45.799999,43.299999,43.299999,43.299999,43.299999,0,0,0,0,.20000152,.30000001,-1.1000007,-1.0000007,1,1,1,1,1.0021344,1.0035843,.97654581,.97742665,0,0,0,0,.20000152,.30000001,-1.1000007,-1.0000007,1,1,1,1,1.0021344,1.0035843,.97654581,.97742665,0,0,0,0,.20000152,.30000001,-1.1000007,-1.0000007,1,1,1,1,1.0021344,1.0035843,.97654581,.97742665,0,0,0,0,-2.0000031,-1.899997,-1.1000007,-1.0000007,1,1,1,1,.97865528,.97729993,.97654581,.97742665,Burkina Faso,BF,2016,3,0
BFR4,3203,All,All,4,1404,0,0,100,100,80,73.5,100,100,100,100,100,100,100,100,80,80,80,80,73.5,73.5,73.5,73.5,90,88.5,58.5,53,90,90,90,90,88.5,88.5,88.5,88.5,58.5,58.5,58.5,58.5,53,53,53,53,0,0,0,0,0,0,0,0,1,1,1,1,1,1,1,1,0,0,0,0,0,0,0,0,1,1,1,1,1,1,1,1,0,0,0,0,0,0,0,0,1,1,1,1,1,1,1,1,0,0,0,0,0,0,0,0,1,1,1,1,1,1,1,1,Burkina Faso,BF,2017,0,0
BFR5,3512,All,All,5,1415,.40000001,.89999998,100,98.30000000000001,96.30000000000001,91.30000000000001,100,100,100,99.599998,98.300003,98.300003,98.300003,97.900002,96.300003,96.300003,96.300003,95.900002,91.300003,91.300003,91.300003,90.900002,97.10000000000001,93.7,86.2,81.10000000000001,97.099998,97.099998,97.099998,96.199997,93.800003,93.800003,93.800003,92.900002,86.300003,86.300003,86.300003,85.400002,81.300003,81.300003,81.300003,80.400002,0,3.0517579e-06,3.0517579e-06,3.0517579e-06,-1.5258789e-06,.10000305,.10000305,.20000306,1,1,1,1,1,1.0010673,1.0011601,1.0024661,0,3.0517579e-06,3.0517579e-06,3.0517579e-06,-1.5258789e-06,.10000305,.10000305,.20000306,1,1,1,1,1,1.0010673,1.0011601,1.0024661,0,3.0517579e-06,3.0517579e-06,3.0517579e-06,-1.5258789e-06,.10000305,.10000305,.20000306,1,1,1,1,1,1.0010673,1.0011601,1.0024661,-.40000153,-.39999849,-.39999849,-.39999849,-.90000308,-.79999846,-.79999846,-.6999985,.99599999,.99593085,.99584633,.99561888,.99073118,.99146211,.99071926,.99136871,Burkina Faso,BF,2017,11,0
BFR6,3329,All,All,6,1428,17.799999,17.799999,,,,,,,,,,,,,,,,,,,,,100,96.2,89.30000000000001,89.30000000000001,100,100,100,82.199997,96.900002,96.900002,96.400002,79,91.199997,91.199997,85.599998,73.400002,91.199997,91.199997,85.599998,73.400002,0,.70000154,1.899997,1.899997,0,.70000154,1.899997,1.899997,1,1.0072765,1.0212766,1.0212766,1,1.0072765,1.0212766,1.0212766,0,.70000154,1.899997,1.899997,0,.70000154,1.899997,1.899997,1,1.0072765,1.0212766,1.0212766,1,1.0072765,1.0212766,1.0212766,0,.20000152,-1.7000015,-3.7000015,0,.20000152,-3.7000015,-3.7000015,1,1.002079,.98096305,.95856661,1,1.002079,.95856661,.95856661,-17.800003,-17.200001,-15.899999,-15.899999,-17.800003,-17.200001,-15.899999,-15.899999,.82199997,.82120579,.82194853,.82194853,.82199997,.82120579,.82194853,.82194853,Burkina Faso,BF,2019,0,1
CDKinshasaR3,2665,All,All,3,1385,.2,.2,51.1,41.40000000000001,18.2,8.700000000000001,51.099998,51.099998,51.099998,51.099998,41.400002,41.400002,41.400002,41.400002,18.200001,18.200001,18.200001,18.200001,8.6999998,8.6999998,8.6999998,8.6999998,31.7,27.6,14.5,4.9,31.6,31.6,31.6,31.6,27.6,27.6,27.6,27.6,14.4,14.4,14.4,14.4,4.9000001,4.9000001,4.9000001,4.9000001,-1.5258789e-06,1.5258789e-06,7.6293946e-07,-1.9073487e-07,-.099999622,3.8146973e-07,-.10000038,9.5367433e-08,.99999994,1,1,1,.99684542,1,.99310344,1,-1.5258789e-06,1.5258789e-06,7.6293946e-07,-1.9073487e-07,-.099999622,3.8146973e-07,-.10000038,9.5367433e-08,.99999994,1,1,1,.99684542,1,.99310344,1,-1.5258789e-06,1.5258789e-06,7.6293946e-07,-1.9073487e-07,-.099999622,3.8146973e-07,-.10000038,9.5367433e-08,.99999994,1,1,1,.99684542,1,.99310344,1,-1.5258789e-06,1.5258789e-06,7.6293946e-07,-1.9073487e-07,-.099999622,3.8146973e-07,-.10000038,9.5367433e-08,.99999994,1,1,1,.99684542,1,.99310344,1,"DRC, Kinshasa",CD,2015,5,0
CDKinshasaR4,2733,All,All,4,1391,0,0,73.10000000000001,59.5,24.7,0,73.099998,73.099998,73.099998,73.099998,59.5,59.5,59.5,59.5,24.700001,24.700001,24.700001,24.700001,0,0,0,0,33.6,18.2,1.5,0,33.599998,33.599998,33.599998,33.599998,18.200001,18.200001,18.200001,18.200001,1.5,1.5,1.5,1.5,0,0,0,0,-1.5258789e-06,0,7.6293946e-07,0,-1.5258789e-06,7.6293946e-07,0,0,1,1,1,,.99999994,1,1,,-1.5258789e-06,0,7.6293946e-07,0,-1.5258789e-06,7.6293946e-07,0,0,1,1,1,,.99999994,1,1,,-1.5258789e-06,0,7.6293946e-07,0,-1.5258789e-06,7.6293946e-07,0,0,1,1,1,,.99999994,1,1,,-1.5258789e-06,0,7.6293946e-07,0,-1.5258789e-06,7.6293946e-07,0,0,1,1,1,,.99999994,1,1,,"DRC, Kinshasa",CD,2015,11,0
CDKinshasaR5,2582,All,All,5,1401,0,.69999999,68.3,43,17.4,17.4,68.300003,68.300003,68.300003,68.300003,43,43,43,43,17.4,17.4,17.4,17.4,17.4,17.4,17.4,17.4,36.9,21.4,.5,.5,36.700001,36.700001,36.700001,36.700001,21.200001,21.200001,21.200001,21.200001,.5,.5,.5,.5,.5,.5,.5,.5,3.0517579e-06,0,-3.8146973e-07,-3.8146973e-07,-.19999924,-.19999924,0,0,1,1,1,1,.99457997,.99065423,1,1,3.0517579e-06,0,-3.8146973e-07,-3.8146973e-07,-.19999924,-.19999924,0,0,1,1,1,1,.99457997,.99065423,1,1,3.0517579e-06,0,-3.8146973e-07,-3.8146973e-07,-.19999924,-.19999924,0,0,1,1,1,1,.99457997,.99065423,1,1,3.0517579e-06,0,-3.8146973e-07,-3.8146973e-07,-.19999924,-.19999924,0,0,1,1,1,1,.99457997,.99065423,1,1,"DRC, Kinshasa",CD,2016,9,0
CDKinshasaR6,2569,All,All,6,1413,1.7,7.9000001,72,39.8,2.1,2.1,72.5,72.5,72.5,70.800003,39.099998,39.099998,39.099998,39.099998,2.0999999,2.0999999,2.0999999,2.0999999,2.0999999,2.0999999,2.0999999,2.0999999,53.1,33.7,2.2,2.2,49,49,49,49,31.1,31.1,31.1,31.1,2.0999999,2.0999999,2.0999999,2.0999999,2.0999999,2.0999999,2.0999999,2.0999999,.5,-.70000154,-9.5367433e-08,-9.5367433e-08,-4.0999999,-2.5999997,-.1000001,-.1000001,1.0069444,.98241204,.99999994,.99999994,.92278719,.9228487,.95454544,.95454544,.5,-.70000154,-9.5367433e-08,-9.5367433e-08,-4.0999999,-2.5999997,-.1000001,-.1000001,1.0069444,.98241204,.99999994,.99999994,.92278719,.9228487,.95454544,.95454544,.5,-.70000154,-9.5367433e-08,-9.5367433e-08,-4.0999999,-2.5999997,-.1000001,-.1000001,1.0069444,.98241204,.99999994,.99999994,.92278719,.9228487,.95454544,.95454544,-1.1999969,-.70000154,-9.5367433e-08,-9.5367433e-08,-4.0999999,-2.5999997,-.1000001,-.1000001,.98333335,.98241204,.99999994,.99999994,.92278719,.9228487,.95454544,.95454544,"DRC, Kinshasa",CD,2017,9,0
CDKinshasaR7,2584,All,All,7,1427,1.7,6.9000001,63.2,43.8,23.6,22.5,63.799999,63.799999,63.799999,62.099998,43,43,43,43,23.200001,23.200001,23.200001,23.200001,22.200001,22.200001,22.200001,22.200001,51.1,26.3,15.4,14.3,47.599998,47.599998,47.599998,47.599998,24.5,24.5,24.5,24.5,14.4,14.4,14.4,14.4,13.3,13.3,13.3,13.3,.59999925,-.80000001,-.39999923,-.29999924,-3.5000014,-1.8,-1.0000004,-.99999982,1.0094937,.98173517,.98305088,.98666668,.93150681,.93155891,.93506491,.93006992,.59999925,-.80000001,-.39999923,-.29999924,-3.5000014,-1.8,-1.0000004,-.99999982,1.0094937,.98173517,.98305088,.98666668,.93150681,.93155891,.93506491,.93006992,.59999925,-.80000001,-.39999923,-.29999924,-3.5000014,-1.8,-1.0000004,-.99999982,1.0094937,.98173517,.98305088,.98666668,.93150681,.93155891,.93506491,.93006992,-1.1000016,-.80000001,-.39999923,-.29999924,-3.5000014,-1.8,-1.0000004,-.99999982,.98259491,.98173517,.98305088,.98666668,.93150681,.93155891,.93506491,.93006992,"DRC, Kinshasa",CD,2018,11,1
CDKongoCentralR4,1565,All,All,4,1392,6.6999998,7.6999998,27,11.7,2.5,2.5,25.200001,25.200001,25.200001,25.200001,10.9,10.9,10.9,10.9,2.3,2.3,2.3,2.3,2.3,2.3,2.3,2.3,21.3,9.300000000000001,0,0,19.6,19.6,19.6,19.6,8.6000004,8.6000004,8.6000004,8.6000004,0,0,0,0,0,0,0,0,-1.7999992,-.80000037,-.20000005,-.20000005,-1.6999996,-.69999963,0,0,.93333334,.93162388,.91999996,.91999996,.92018783,.92473119,,,-1.7999992,-.80000037,-.20000005,-.20000005,-1.6999996,-.69999963,0,0,.93333334,.93162388,.91999996,.91999996,.92018783,.92473119,,,-1.7999992,-.80000037,-.20000005,-.20000005,-1.6999996,-.69999963,0,0,.93333334,.93162388,.91999996,.91999996,.92018783,.92473119,,,-1.7999992,-.80000037,-.20000005,-.20000005,-1.6999996,-.69999963,0,0,.93333334,.93162388,.91999996,.91999996,.92018783,.92473119,,,"DRC, Kongo Central",CD,2016,0,0
CDKongoCentralR5,1668,All,All,5,1401,5.8000002,15,30.9,25.2,11.4,7.100000000000001,29.1,29.1,29.1,29.1,23.799999,23.799999,23.799999,23.799999,10.7,10.7,10.7,10.7,6.6999998,6.6999998,6.6999998,6.6999998,15.1,10.5,6.7,6.7,12.9,12.9,12.9,12.9,8.8999996,8.8999996,8.8999996,8.8999996,5.6999998,5.6999998,5.6999998,5.6999998,5.6999998,5.6999998,5.6999998,5.6999998,-1.7999996,-1.4000008,-.70000017,-.40000018,-2.2000003,-1.6000004,-1.0000002,-1.0000002,.94174761,.94444442,.93859649,.94366193,.85430461,.847619,.85074621,.85074621,-1.7999996,-1.4000008,-.70000017,-.40000018,-2.2000003,-1.6000004,-1.0000002,-1.0000002,.94174761,.94444442,.93859649,.94366193,.85430461,.847619,.85074621,.85074621,-1.7999996,-1.4000008,-.70000017,-.40000018,-2.2000003,-1.6000004,-1.0000002,-1.0000002,.94174761,.94444442,.93859649,.94366193,.85430461,.847619,.85074621,.85074621,-1.7999996,-1.4000008,-.70000017,-.40000018,-2.2000003,-1.6000004,-1.0000002,-1.0000002,.94174761,.94444442,.93859649,.94366193,.85430461,.847619,.85074621,.85074621,"DRC, Kongo Central",CD,2016,9,0
CDKongoCentralR6,1690,All,All,6,1414,.5,4.8000002,35.2,27.8,5.2,2.6,35,35,35,35,27.700001,27.700001,27.700001,27.700001,5.0999999,5.0999999,5.0999999,5.0999999,2.5999999,2.5999999,2.5999999,2.5999999,17.2,14,5.4,2.7,16.299999,16.299999,16.299999,16.299999,13.3,13.3,13.3,13.3,5.0999999,5.0999999,5.0999999,5.0999999,2.5999999,2.5999999,2.5999999,2.5999999,-.2,-.099999234,-.1000001,-9.5367433e-08,-.90000075,-.69999981,-.3000001,-.1000001,.99431819,.99640292,.98076922,.99999994,.94767439,.94999999,.94444442,.96296293,-.2,-.099999234,-.1000001,-9.5367433e-08,-.90000075,-.69999981,-.3000001,-.1000001,.99431819,.99640292,.98076922,.99999994,.94767439,.94999999,.94444442,.96296293,-.2,-.099999234,-.1000001,-9.5367433e-08,-.90000075,-.69999981,-.3000001,-.1000001,.99431819,.99640292,.98076922,.99999994,.94767439,.94999999,.94444442,.96296293,-.2,-.099999234,-.1000001,-9.5367433e-08,-.90000075,-.69999981,-.3000001,-.1000001,.99431819,.99640292,.98076922,.99999994,.94767439,.94999999,.94444442,.96296293,"DRC, Kongo Central",CD,2017,10,0
CDKongoCentralR7,1744,All,All,7,1427,.5,5.5,64.90000000000001,47.3,29.9,29.9,64.599998,64.599998,64.599998,64.599998,47,47,47,47,29.799999,29.799999,29.799999,29.799999,29.799999,29.799999,29.799999,29.799999,38.6,24.6,11.1,11.1,36.5,36.5,36.5,36.5,23.200001,23.200001,23.200001,23.200001,10.4,10.4,10.4,10.4,10.4,10.4,10.4,10.4,-.30000153,-.30000001,-.10000076,-.10000076,-2.0999999,-1.3999993,-.70000041,-.70000041,.99537748,.99365753,.99665546,.99665546,.94559586,.94308949,.93693691,.93693691,-.30000153,-.30000001,-.10000076,-.10000076,-2.0999999,-1.3999993,-.70000041,-.70000041,.99537748,.99365753,.99665546,.99665546,.94559586,.94308949,.93693691,.93693691,-.30000153,-.30000001,-.10000076,-.10000076,-2.0999999,-1.3999993,-.70000041,-.70000041,.99537748,.99365753,.99665546,.99665546,.94559586,.94308949,.93693691,.93693691,-.30000153,-.30000001,-.10000076,-.10000076,-2.0999999,-1.3999993,-.70000041,-.70000041,.99537748,.99365753,.99665546,.99665546,.94559586,.94308949,.93693691,.93693691,"DRC, Kongo Central",CD,2018,11,1
CIR1,2738,All,All,1,1413,1.5,5.1999998,58.1,54.40000000000001,23.1,9.200000000000001,57.200001,57.200001,57.200001,57.200001,53.599998,53.599998,53.599998,53.599998,22.799999,22.799999,22.799999,22.799999,9.1000004,9.1000004,9.1000004,9.1000004,13.5,7.9,.3,.3,12.8,12.8,12.8,12.8,7.5,7.5,7.5,7.5,.30000001,.30000001,.30000001,.30000001,.30000001,.30000001,.30000001,.30000001,-.89999926,-.8000015,-.30000076,-.099999622,-.69999981,-.40000001,1.1920929e-08,1.1920929e-08,.98450947,.9852941,.98701298,.9891305,.94814819,.94936711,1,1,-.89999926,-.8000015,-.30000076,-.099999622,-.69999981,-.40000001,1.1920929e-08,1.1920929e-08,.98450947,.9852941,.98701298,.9891305,.94814819,.94936711,1,1,-.89999926,-.8000015,-.30000076,-.099999622,-.69999981,-.40000001,1.1920929e-08,1.1920929e-08,.98450947,.9852941,.98701298,.9891305,.94814819,.94936711,1,1,-.89999926,-.8000015,-.30000076,-.099999622,-.69999981,-.40000001,1.1920929e-08,1.1920929e-08,.98450947,.9852941,.98701298,.9891305,.94814819,.94936711,1,1,Cote d'Ivoire,CI,2017,9,0
CIR2,2738,All,All,2,1423,1.8,1.8,55.7,44.3,38.6,29.7,54.700001,54.700001,56.5,54.700001,43.5,43.5,43.5,43.5,37.900002,37.900002,37.900002,37.900002,29.1,29.1,29.1,29.1,20.5,12.9,11.1,10.1,20.200001,20.200001,20.200001,20.200001,12.6,12.6,12.6,12.6,10.9,10.9,10.9,10.9,10,10,10,10,-.99999923,-.80000001,-.6999985,-.59999961,-.29999924,-.29999962,-.20000038,-.1,.98204666,.98194128,.98186535,.97979802,.98536587,.97674423,.98198193,.99009901,-.99999923,-.80000001,-.6999985,-.59999961,-.29999924,-.29999962,-.20000038,-.1,.98204666,.98194128,.98186535,.97979802,.98536587,.97674423,.98198193,.99009901,.80000001,-.80000001,-.6999985,-.59999961,-.29999924,-.29999962,-.20000038,-.1,1.0143627,.98194128,.98186535,.97979802,.98536587,.97674423,.98198193,.99009901,-.99999923,-.80000001,-.6999985,-.59999961,-.29999924,-.29999962,-.20000038,-.1,.98204666,.98194128,.98186535,.97979802,.98536587,.97674423,.98198193,.99009901,Cote d'Ivoire,CI,2018,7,1
ETR2,6648,All,All,2,1378,.2,.60000002,88.80000000000001,84.2,77.10000000000001,59.3,88.900002,88.900002,88.800003,88.599998,84.300003,84.300003,84.199997,84,77.099998,77.099998,76.900002,76.900002,59.099998,59.099998,59.099998,59.099998,69,62,53.6,37.9,68.599998,68.599998,68.599998,68.599998,61.599998,61.599998,61.599998,61.599998,53.299999,53.299999,53.299999,53.299999,37.599998,37.599998,37.599998,37.599998,.10000153,.10000305,-1.5258789e-06,-.20000152,-.40000153,-.40000153,-.30000076,-.30000153,1.0011262,1.0011877,1,.99662727,.99420285,.99354833,.99440295,.99208438,.10000153,.10000305,-1.5258789e-06,-.20000152,-.40000153,-.40000153,-.30000076,-.30000153,1.0011262,1.0011877,1,.99662727,.99420285,.99354833,.99440295,.99208438,3.0517579e-06,-3.0517579e-06,-.19999847,-.20000152,-.40000153,-.40000153,-.30000076,-.30000153,1,.99999994,.99740601,.99662727,.99420285,.99354833,.99440295,.99208438,-.20000152,-.2,-.19999847,-.20000152,-.40000153,-.40000153,-.30000076,-.30000153,.99774772,.9976247,.99740601,.99662727,.99420285,.99354833,.99440295,.99208438,Ethiopia,ET,2014,10,0
ETR3,7545,All,All,3,1384,.2,2.5999999,92.60000000000001,90.40000000000001,77.80000000000001,60.2,92.599998,92.599998,92.599998,92.5,90.400002,90.400002,90.400002,90.199997,77.800003,77.800003,77.800003,77.699997,60.099998,60.200001,60.099998,60.099998,78.2,73,60.1,41.7,76.199997,76.199997,76.199997,76.199997,71.099998,71.099998,71.099998,71.099998,58.5,58.5,58.5,58.5,40.599998,40.599998,40.599998,40.599998,-1.5258789e-06,1.5258789e-06,3.0517579e-06,-.10000153,-2.0000031,-1.9000015,-1.6,-1.1000016,1,1,1,.99833882,.97442454,.97397256,.9733777,.97362107,-1.5258789e-06,1.5258789e-06,3.0517579e-06,7.6293946e-07,-2.0000031,-1.9000015,-1.6,-1.1000016,1,1,1,1,.97442454,.97397256,.9733777,.97362107,-1.5258789e-06,1.5258789e-06,3.0517579e-06,-.10000153,-2.0000031,-1.9000015,-1.6,-1.1000016,1,1,1,.99833882,.97442454,.97397256,.9733777,.97362107,-.1,-.20000306,-.10000305,-.10000153,-2.0000031,-1.9000015,-1.6,-1.1000016,.99892008,.99778759,.99871463,.99833882,.97442454,.97397256,.9733777,.97362107,Ethiopia,ET,2015,4,0
ETR4,7481,All,All,4,1395,.30000001,.5,92.80000000000001,74.90000000000001,68.40000000000001,48.90000000000001,92.900002,92.900002,92.900002,92.5,75,75,74.699997,74.599998,68.199997,68.199997,68.199997,68.199997,48.700001,48.700001,48.700001,48.700001,80.80000000000001,56.5,45.3,25.1,80.400002,80.400002,80.400002,80.400002,56.200001,56.200001,56.200001,56.200001,45,45,45,45,24.9,24.9,24.9,24.9,.10000153,.1,-.20000306,-.19999924,-.39999849,-.29999924,-.30000001,-.20000038,1.0010777,1.0013351,.99707597,.99591005,.99504954,.9946903,.99337751,.99203187,.10000153,.1,-.20000306,-.19999924,-.39999849,-.29999924,-.30000001,-.20000038,1.0010777,1.0013351,.99707597,.99591005,.99504954,.9946903,.99337751,.99203187,.10000153,-.20000306,-.20000306,-.19999924,-.39999849,-.29999924,-.30000001,-.20000038,1.0010777,.99732971,.99707597,.99591005,.99504954,.9946903,.99337751,.99203187,-.30000001,-.30000153,-.20000306,-.19999924,-.39999849,-.29999924,-.30000001,-.20000038,.99676722,.99599463,.99707597,.99591005,.99504954,.9946903,.99337751,.99203187,Ethiopia,ET,2016,3,0
ETR5,7361,All,All,5,1409,1.2,5.0999999,94,88,78.7,60.8,94.099998,94.099998,94.099998,92.900002,88.199997,88.199997,88.199997,87,79,79,78.099998,77.800003,60,60,60.099998,60,82.60000000000001,69.7,57.8,37.6,78.400002,78.400002,78.400002,78.400002,66.199997,66.199997,66.199997,66.199997,54.900002,54.900002,54.900002,54.900002,35.700001,35.700001,35.700001,35.700001,.099998474,.19999695,.30000001,-.80000001,-4.1999984,-3.5000031,-2.8999984,-1.8999993,1.0010638,1.0022727,1.003812,.9868421,.94915259,.94978476,.94982702,.94946808,.099998474,.19999695,.30000001,-.80000001,-4.1999984,-3.5000031,-2.8999984,-1.8999993,1.0010638,1.0022727,1.003812,.9868421,.94915259,.94978476,.94982702,.94946808,.099998474,.19999695,-.60000151,-.70000154,-4.1999984,-3.5000031,-2.8999984,-1.8999993,1.0010638,1.0022727,.99237609,.98848683,.94915259,.94978476,.94982702,.94946808,-1.0999985,-1,-.89999694,-.80000001,-4.1999984,-3.5000031,-2.8999984,-1.8999993,.98829788,.98863637,.98856419,.9868421,.94915259,.94978476,.94982702,.94946808,Ethiopia,ET,2017,5,0
ETR6,7434,All,All,6,1422,.69999999,2.3,94.10000000000001,88.80000000000001,84,60.1,94.099998,94.099998,94.099998,93.400002,88.900002,88.900002,88.900002,88.199997,84.099998,84.099998,83.900002,83.400002,59.700001,59.700001,59.700001,59.700001,82.7,68.60000000000001,61.5,39.7,80.699997,80.699997,81.199997,80.699997,67,67,67.5,67,60.099998,60.099998,60.099998,60.099998,38.700001,38.700001,38.700001,38.700001,-1.5258789e-06,.10000153,.099998474,-.39999923,-2.0000031,-1.6,-1.4000015,-.99999923,1,1.0011262,1.0011904,.99334443,.97581619,.9766764,.97723573,.97481108,-1.5258789e-06,.10000153,.099998474,-.39999923,-2.0000031,-1.6,-1.4000015,-.99999923,1,1.0011262,1.0011904,.99334443,.97581619,.9766764,.97723573,.97481108,-1.5258789e-06,.10000153,-.099998474,-.39999923,-1.5000031,-1.1,-1.4000015,-.99999923,1,1.0011262,.99880952,.99334443,.98186213,.98396504,.97723573,.97481108,-.6999985,-.60000306,-.59999847,-.39999923,-2.0000031,-1.6,-1.4000015,-.99999923,.9925611,.99324322,.99285716,.99334443,.97581619,.9766764,.97723573,.97481108,Ethiopia,ET,2018,6,1
INRajasthanR1,5306,All,All,1,1399,0,7.3000002,30.4,30.4,30.4,19.1,30.4,30.4,30.4,30.4,30.4,30.4,30.4,30.4,30.4,30.4,30.4,30.4,19.1,19.1,19.1,19.1,8.800000000000001,8.800000000000001,8.800000000000001,5.9,8.1999998,8.1999998,8.1999998,8.1999998,8.1999998,8.1999998,8.1999998,8.1999998,8.1000004,8.1000004,8.1000004,8.1000004,5.5,5.5,5.5,5.5,-3.8146973e-07,-3.8146973e-07,-3.8146973e-07,3.8146973e-07,-.6000002,-.6000002,-.69999963,-.40000001,1,1,1,1,.93181819,.93181819,.92045456,.93220341,-3.8146973e-07,-3.8146973e-07,-3.8146973e-07,3.8146973e-07,-.6000002,-.6000002,-.69999963,-.40000001,1,1,1,1,.93181819,.93181819,.92045456,.93220341,-3.8146973e-07,-3.8146973e-07,-3.8146973e-07,3.8146973e-07,-.6000002,-.6000002,-.69999963,-.40000001,1,1,1,1,.93181819,.93181819,.92045456,.93220341,-3.8146973e-07,-3.8146973e-07,-3.8146973e-07,3.8146973e-07,-.6000002,-.6000002,-.69999963,-.40000001,1,1,1,1,.93181819,.93181819,.92045456,.93220341,"India, Rajasthan",IN,2016,7,0
INRajasthanR2,6034,All,All,2,1407,0,3.5999999,19.5,18.6,18,13.1,19.5,19.5,19.5,19.5,18.6,18.6,18.6,18.6,18,18,18,18,13.1,13.1,13.1,13.1,8.4,7.5,6.800000000000001,3,8.1000004,8.1000004,8.1000004,8.1000004,7.1999998,7.1999998,7.1999998,7.1999998,6.5999999,6.5999999,6.5999999,6.5999999,2.9000001,2.9000001,2.9000001,2.9000001,0,3.8146973e-07,0,3.8146973e-07,-.29999962,-.30000019,-.20000009,-.099999905,1,1,1,1,.96428573,.95999998,.97058821,.9666667,0,3.8146973e-07,0,3.8146973e-07,-.29999962,-.30000019,-.20000009,-.099999905,1,1,1,1,.96428573,.95999998,.97058821,.9666667,0,3.8146973e-07,0,3.8146973e-07,-.29999962,-.30000019,-.20000009,-.099999905,1,1,1,1,.96428573,.95999998,.97058821,.9666667,0,3.8146973e-07,0,3.8146973e-07,-.29999962,-.30000019,-.20000009,-.099999905,1,1,1,1,.96428573,.95999998,.97058821,.9666667,"India, Rajasthan",IN,2017,3,0
INRajasthanR3,6011,All,All,3,1412,0,2.5999999,47,47,47,39.2,47,47,47,47,47,47,47,47,47,47,47,47,39.200001,39.200001,39.200001,39.200001,12.1,12.1,12.1,6.800000000000001,11.8,11.8,11.8,11.8,11.8,11.8,11.8,11.8,11.8,11.8,11.8,11.8,6.5999999,6.5999999,6.5999999,6.5999999,0,0,0,7.6293946e-07,-.2999998,-.2999998,-.2999998,-.20000009,1,1,1,1,.97520661,.97520661,.97520661,.97058821,0,0,0,7.6293946e-07,-.2999998,-.2999998,-.2999998,-.20000009,1,1,1,1,.97520661,.97520661,.97520661,.97058821,0,0,0,7.6293946e-07,-.2999998,-.2999998,-.2999998,-.20000009,1,1,1,1,.97520661,.97520661,.97520661,.97058821,0,0,0,7.6293946e-07,-.2999998,-.2999998,-.2999998,-.20000009,1,1,1,1,.97520661,.97520661,.97520661,.97058821,"India, Rajasthan",IN,2017,8,0
INRajasthanR4,5832,All,All,4,1421,0,2.0999999,87.30000000000001,84.2,84.2,77.60000000000001,87.300003,87.300003,87.300003,87.300003,84.199997,84.199997,84.199997,84.199997,84.199997,84.199997,84.199997,84.199997,77.599998,77.599998,77.599998,77.599998,31.6,31.2,31.2,26.1,30.9,30.9,30.9,30.9,30.6,30.6,30.6,30.6,30.6,30.6,30.6,30.6,25.5,25.5,25.5,25.5,3.0517579e-06,-3.0517579e-06,-3.0517579e-06,-1.5258789e-06,-.70000041,-.59999961,-.59999961,-.60000002,1,.99999994,.99999994,1,.97784811,.98076922,.98076922,.9770115,3.0517579e-06,-3.0517579e-06,-3.0517579e-06,-1.5258789e-06,-.70000041,-.59999961,-.59999961,-.60000002,1,.99999994,.99999994,1,.97784811,.98076922,.98076922,.9770115,3.0517579e-06,-3.0517579e-06,-3.0517579e-06,-1.5258789e-06,-.70000041,-.59999961,-.59999961,-.60000002,1,.99999994,.99999994,1,.97784811,.98076922,.98076922,.9770115,3.0517579e-06,-3.0517579e-06,-3.0517579e-06,-1.5258789e-06,-.70000041,-.59999961,-.59999961,-.60000002,1,.99999994,.99999994,1,.97784811,.98076922,.98076922,.9770115,"India, Rajasthan",IN,2018,5,1
KER2,4329,All,All,2,1379,1.4,8.1000004,100,96.40000000000001,93.5,78.60000000000001,100,100,100,98.599998,96.400002,96.400002,96.400002,95,93.599998,93.599998,93.599998,92.199997,78.900002,78.900002,78.900002,77.400002,79.40000000000001,74.3,57.5,48,81.099998,81.099998,77.5,72.900002,76.400002,76.400002,72.800003,68.199997,52.799999,52.799999,57.400002,52.799999,44.099998,44.099998,45.799999,44.099998,0,1.5258789e-06,.099998474,.30000153,1.6999985,2.1000016,-4.7000008,-3.9000015,1,1,1.0010695,1.0038168,1.0214106,1.0282638,.91826087,.91874999,0,1.5258789e-06,.099998474,.30000153,1.6999985,2.1000016,-4.7000008,-3.9000015,1,1,1.0010695,1.0038168,1.0214106,1.0282638,.91826087,.91874999,0,1.5258789e-06,.099998474,.30000153,-1.9,-1.4999969,-.099998474,-2.2000008,1,1,1.0010695,1.0038168,.97607052,.97981161,.99826092,.95416665,-1.4000015,-1.4,-1.3000031,-1.1999985,-6.4999986,-6.1000032,-4.7000008,-3.9000015,.986,.98547715,.9860962,.98473287,.91813606,.91790038,.91826087,.91874999,Kenya,KE,2014,11,0
KER3,4396,All,All,3,1386,1.6,5.9000001,99.5,98.10000000000001,96.7,96.10000000000001,99.5,99.5,99.5,97.900002,98.199997,98.199997,98.199997,96.599998,96.699997,96.699997,96.699997,95.099998,96.099998,96.099998,96.099998,94.5,80.90000000000001,65.7,58.8,49.40000000000001,82,82,79.699997,76.199997,67.699997,67.699997,65.400002,61.799999,55.400002,55.400002,57.299999,55.400002,46.5,46.5,48,46.5,0,.099996947,-3.0517579e-06,-1.5258789e-06,1.1,1.9999969,-3.3999984,-2.9000001,1,1.0010194,.99999994,1,1.013597,1.0304414,.94217688,.94129556,0,.099996947,-3.0517579e-06,-1.5258789e-06,1.1,1.9999969,-3.3999984,-2.9000001,1,1.0010194,.99999994,1,1.013597,1.0304414,.94217688,.94129556,0,.099996947,-3.0517579e-06,-1.5258789e-06,-1.200003,-.29999846,-1.5000007,-1.4,1,1.0010194,.99999994,1,.98516685,.99543381,.97448981,.9716599,-1.5999985,-1.5000015,-1.6000016,-1.6,-4.7000031,-3.9000008,-3.3999984,-2.9000001,.98391962,.98470944,.98345399,.98335069,.94190353,.94063926,.94217688,.94129556,Kenya,KE,2015,6,0
KER4,4921,All,All,4,1391,0,4.3000002,98.90000000000001,98.30000000000001,96.5,95.10000000000001,98.900002,98.900002,98.900002,98.900002,98.300003,98.300003,98.300003,98.300003,96.5,96.5,96.5,96.5,95.099998,95.099998,95.099998,95.099998,85.7,78.30000000000001,74.7,60.90000000000001,86.300003,86.300003,85.300003,82,79.199997,79.199997,78.300003,74.900002,71.5,73.199997,73.300003,71.5,58.200001,58.200001,59.599998,58.200001,1.5258789e-06,3.0517579e-06,0,-1.5258789e-06,.60000306,.89999694,-3.2,-2.6999993,1,1,1,1,1.0070012,1.0114942,.95716196,.95566505,1.5258789e-06,3.0517579e-06,0,-1.5258789e-06,.60000306,.89999694,-1.5000031,-2.6999993,1,1,1,1,1.0070012,1.0114942,.97991961,.95566505,1.5258789e-06,3.0517579e-06,0,-1.5258789e-06,-.39999694,3.0517579e-06,-1.399997,-1.3000015,1,1,1,1,.9953326,1,.98125839,.97865349,1.5258789e-06,3.0517579e-06,0,-1.5258789e-06,-3.7,-3.3999984,-3.2,-2.6999993,1,1,1,1,.95682615,.9565773,.95716196,.95566505,Kenya,KE,2015,11,0
KER5,5894,All,All,5,1403,.5,9.1999998,97.7,91,87.40000000000001,82.60000000000001,97.699997,97.699997,97.400002,97.199997,91,91,90.699997,90.5,87.5,87.5,87.199997,87,82.599998,82.599998,82.400002,82.199997,74,60,52.5,40.8,76.400002,76.400002,74.400002,67.199997,54.5,61,61.599998,54.5,47.700001,47.700001,48.200001,47.700001,37.099998,37.099998,37.599998,37.099998,-3.0517579e-06,0,.1,-1.5258789e-06,2.4000015,-5.5,-4.7999992,-3.7000015,.99999994,1,1.0011442,1,1.0324324,.90833336,.90857142,.90931368,-3.0517579e-06,0,.1,-1.5258789e-06,2.4000015,1,-4.7999992,-3.7000015,.99999994,1,1.0011442,1,1.0324324,1.0166667,.90857142,.90931368,-.29999846,-.30000305,-.20000306,-.19999847,.40000153,1.5999985,-4.2999992,-3.2000015,.99692941,.99670327,.99771166,.99757874,1.0054054,1.0266666,.91809523,.92156857,-.50000304,-.5,-.40000001,-.40000305,-6.8000031,-5.5,-4.7999992,-3.7000015,.99488229,.99450547,.99542332,.99515736,.90810806,.90833336,.90857142,.90931368,Kenya,KE,2016,11,0
KER6,5876,All,All,6,1415,.69999999,8.5,99.2,89.40000000000001,82.90000000000001,66.7,99.199997,99.199997,99.199997,98.5,89.5,89.5,89.5,88.800003,83,83,83,82.400002,66.900002,66.5,66.5,66.300003,84.90000000000001,63.7,55.5,46.2,86.199997,86.199997,86.199997,77.699997,58.299999,58.299999,61.900002,58.299999,50.799999,50.799999,51.900002,50.799999,42.299999,42.299999,43.400002,42.299999,-3.0517579e-06,.1,.1,.20000152,1.299997,-5.4000006,-4.7000008,-3.9000008,.99999994,1.0011185,1.0012063,1.0029985,1.0153121,.91522759,.91531533,.91558439,-3.0517579e-06,.1,.1,-.2,1.299997,-5.4000006,-4.7000008,-3.9000008,.99999994,1.0011185,1.0012063,.99700153,1.0153121,.91522759,.91531533,.91558439,-3.0517579e-06,.1,.1,-.2,1.299997,-1.7999985,-3.5999985,-2.7999985,.99999994,1.0011185,1.0012063,.99700153,1.0153121,.97174257,.93513519,.939394,-.69999999,-.59999692,-.49999848,-.39999694,-7.2000031,-5.4000006,-4.7000008,-3.9000008,.99294353,.99328864,.99396867,.99400306,.91519433,.91522759,.91531533,.91558439,Kenya,KE,2017,11,0
KER7,5671,All,All,7,1427,.60000002,10.1,99.2,86,86,73,99.199997,99.199997,99.199997,98.599998,86.099998,86.099998,86.099998,85.5,86.099998,86.099998,86.099998,85.5,73.099998,72.5,72.5,72.5,77.60000000000001,65.10000000000001,58.2,51.7,79.800003,79.800003,78.5,69.699997,58.599998,62,64.900002,58.599998,52.299999,52.299999,58.700001,52.299999,46.5,46.5,50.799999,46.5,-3.0517579e-06,.099998474,.099998474,.099998474,2.2000031,-6.5000014,-5.9000006,-5.1999998,.99999994,1.0011628,1.0011628,1.0013698,1.0283506,.90015358,.89862543,.89941972,-3.0517579e-06,.099998474,.099998474,-.5,2.2000031,-3.0999999,-5.9000006,-5.1999998,.99999994,1.0011628,1.0011628,.99315071,1.0283506,.95238096,.89862543,.89941972,-3.0517579e-06,.099998474,.099998474,-.5,.89999998,-.19999847,.50000077,-.90000075,.99999994,1.0011628,1.0011628,.99315071,1.011598,.9969278,1.0085911,.98259187,-.60000151,-.5,-.5,-.5,-7.900003,-6.5000014,-5.9000006,-5.1999998,.99395162,.99418604,.99418604,.99315071,.89819586,.90015358,.89862543,.89941972,Kenya,KE,2018,11,1
NENiameyR1,1336,All,All,1,1387,0,0,100,100,39.5,24.4,100,100,100,100,100,100,100,100,39.5,39.5,39.5,39.5,24.4,24.4,24.4,24.4,100,100,39.5,24.4,100,100,100,100,100,100,100,100,39.5,39.5,39.5,39.5,24.4,24.4,24.4,24.4,0,0,0,-3.8146973e-07,0,0,0,-3.8146973e-07,1,1,1,1,1,1,1,1,0,0,0,-3.8146973e-07,0,0,0,-3.8146973e-07,1,1,1,1,1,1,1,1,0,0,0,-3.8146973e-07,0,0,0,-3.8146973e-07,1,1,1,1,1,1,1,1,0,0,0,-3.8146973e-07,0,0,0,-3.8146973e-07,1,1,1,1,1,1,1,1,"Niger, Niamey",NE,2015,7,0
NENiameyR2,1285,All,All,2,1395,0,0,100,100,100,100,100,100,100,100,100,100,100,100,100,100,100,100,100,100,100,100,100,100,25.7,24,100,100,100,100,100,100,100,100,25.700001,25.700001,25.700001,25.700001,24,24,24,24,0,0,0,0,0,0,7.6293946e-07,0,1,1,1,1,1,1,1,1,0,0,0,0,0,0,7.6293946e-07,0,1,1,1,1,1,1,1,1,0,0,0,0,0,0,7.6293946e-07,0,1,1,1,1,1,1,1,1,0,0,0,0,0,0,7.6293946e-07,0,1,1,1,1,1,1,1,1,"Niger, Niamey",NE,2016,3,0
NENiameyR3,1398,All,All,3,1403,0,0,55.7,48.1,2.3,0,55.700001,55.700001,55.700001,55.700001,48.099998,48.099998,48.099998,48.099998,2.3,2.3,2.3,2.3,0,0,0,0,55.7,48.1,2.3,0,55.700001,55.700001,55.700001,55.700001,48.099998,48.099998,48.099998,48.099998,2.3,2.3,2.3,2.3,0,0,0,0,7.6293946e-07,-1.5258789e-06,-4.7683717e-08,0,7.6293946e-07,-1.5258789e-06,-4.7683717e-08,0,1,.99999994,1,,1,.99999994,1,,7.6293946e-07,-1.5258789e-06,-4.7683717e-08,0,7.6293946e-07,-1.5258789e-06,-4.7683717e-08,0,1,.99999994,1,,1,.99999994,1,,7.6293946e-07,-1.5258789e-06,-4.7683717e-08,0,7.6293946e-07,-1.5258789e-06,-4.7683717e-08,0,1,.99999994,1,,1,.99999994,1,,7.6293946e-07,-1.5258789e-06,-4.7683717e-08,0,7.6293946e-07,-1.5258789e-06,-4.7683717e-08,0,1,.99999994,1,,1,.99999994,1,,"Niger, Niamey",NE,2016,11,0
NENiameyR4,1349,All,All,4,1410,0,0,100,100,100,11.5,100,100,100,100,100,100,100,100,100,100,100,100,11.5,11.5,11.5,11.5,100,100,16.7,11.5,100,100,100,100,100,100,100,100,16.700001,16.700001,16.700001,16.700001,11.5,11.5,11.5,11.5,0,0,0,0,0,0,7.6293946e-07,0,1,1,1,1,1,1,1,1,0,0,0,0,0,0,7.6293946e-07,0,1,1,1,1,1,1,1,1,0,0,0,0,0,0,7.6293946e-07,0,1,1,1,1,1,1,1,1,0,0,0,0,0,0,7.6293946e-07,0,1,1,1,1,1,1,1,1,"Niger, Niamey",NE,2017,6,0
NENiameyR5,1312,All,All,5,1424,74.400002,74.400002,,,,,,,,,,,,,,,,,,,,,41.90000000000001,41.90000000000001,0,0,10.7,16,10.7,10.7,10.7,16,10.7,10.7,0,5.3000002,0,0,0,5.3000002,0,0,-31.200001,-31.200001,-23.299999,-23.299999,-31.200001,-31.200001,0,0,.25536993,.25536993,.25559106,.25559106,.25536993,.25536993,,,-25.9,-25.9,-18,-18,-25.9,-25.9,5.3000002,5.3000002,.38186157,.38186157,.42492014,.42492014,.38186157,.38186157,,,-31.200001,-31.200001,-23.299999,-23.299999,-31.200001,-31.200001,0,0,.25536993,.25536993,.25559106,.25559106,.25536993,.25536993,,,-31.200001,-31.200001,-23.299999,-23.299999,-31.200001,-31.200001,0,0,.25536993,.25536993,.25559106,.25559106,.25536993,.25536993,,,"Niger, Niamey",NE,2018,8,1
NER2,3031,All,All,2,1396,0,8.1000004,68.2,55.90000000000001,44.1,44.1,68.199997,68.199997,68.199997,68.199997,55.900002,55.900002,55.900002,55.900002,44.099998,44.099998,44.099998,44.099998,44.099998,44.099998,44.099998,44.099998,33.5,28.6,13.9,10.4,38.900002,31.299999,30.799999,30.799999,26.299999,26.799999,26.299999,26.299999,12.8,12.8,12.8,12.8,9.6000004,9.6000004,9.6000004,9.6000004,-3.0517579e-06,1.5258789e-06,-1.5258789e-06,-1.5258789e-06,5.4000015,-2.3000007,-1.0999998,-.79999959,.99999994,1,.99999994,.99999994,1.1611941,.9195804,.92086333,.92307699,-3.0517579e-06,1.5258789e-06,-1.5258789e-06,-1.5258789e-06,-2.2000008,-1.8000008,-1.0999998,-.79999959,.99999994,1,.99999994,.99999994,.93432832,.93706292,.92086333,.92307699,-3.0517579e-06,1.5258789e-06,-1.5258789e-06,-1.5258789e-06,-2.7000008,-2.3000007,-1.0999998,-.79999959,.99999994,1,.99999994,.99999994,.91940296,.9195804,.92086333,.92307699,-3.0517579e-06,1.5258789e-06,-1.5258789e-06,-1.5258789e-06,-2.7000008,-2.3000007,-1.0999998,-.79999959,.99999994,1,.99999994,.99999994,.91940296,.9195804,.92086333,.92307699,Niger,NE,2016,4,0
NER4,3020,All,All,4,1411,.5,4.5999999,69.3,69.3,46.8,30.9,69.400002,69.400002,69.400002,68.900002,69.400002,69.400002,69.400002,68.900002,46.5,46.5,46.5,46.5,30.700001,30.700001,30.700001,30.700001,60.1,58.7,29.1,21.4,62,58.799999,58.200001,57.400002,60.599998,57.400002,56.799999,56,27.799999,27.799999,27.799999,27.799999,20.4,20.4,20.4,20.4,.10000153,.10000153,-.30000001,-.19999924,1.9,1.8999984,-1.3000008,-1.0000004,1.001443,1.001443,.99358976,.99352753,1.0316139,1.0323679,.95532644,.95327103,.10000153,.10000153,-.30000001,-.19999924,-1.3000008,-1.2999985,-1.3000008,-1.0000004,1.001443,1.001443,.99358976,.99352753,.97836936,.97785354,.95532644,.95327103,.10000153,.10000153,-.30000001,-.19999924,-1.8999993,-1.9000008,-1.3000008,-1.0000004,1.001443,1.001443,.99358976,.99352753,.96838605,.967632,.95532644,.95327103,-.39999849,-.39999849,-.30000001,-.19999924,-2.6999984,-2.7,-1.3000008,-1.0000004,.99422801,.99422801,.99358976,.99352753,.95507491,.95400339,.95532644,.95327103,Niger,NE,2017,7,1
NGKanoR3,1684,All,All,3,1397,38.200001,38.200001,,,,,,,,,,,,,,,,,,,,,3.1,3.1,0,0,1.9,1.9,1.9,1.9,1.9,1.9,1.9,1.9,0,0,0,0,0,0,0,0,-2.4000001,-1.2,0,0,-1.2,-1.2,0,0,.625,.61290324,,,.61290324,.61290324,,,-2.4000001,-1.2,0,0,-1.2,-1.2,0,0,.625,.61290324,,,.61290324,.61290324,,,-2.4000001,-1.2,0,0,-1.2,-1.2,0,0,.625,.61290324,,,.61290324,.61290324,,,-2.4000001,-1.2,0,0,-1.2,-1.2,0,0,.625,.61290324,,,.61290324,.61290324,,,"Nigeria, Kano",NG,2016,5,0
NGKanoR4,1760,All,All,4,1408,0,2.5,70.10000000000001,56.3,45.6,39.8,70.099998,70.099998,70.099998,70.099998,56.299999,56.299999,56.299999,56.299999,45.599998,45.599998,45.599998,45.599998,39.799999,39.799999,39.799999,39.799999,48.1,28.4,20.2,14.3,46.900002,46.900002,46.900002,46.900002,27.6,27.6,27.6,27.6,19.700001,19.700001,19.700001,19.700001,13.9,13.9,13.9,13.9,-1.5258789e-06,-7.6293946e-07,-1.5258789e-06,-7.6293946e-07,-1.1999985,-.79999959,-.49999923,-.40000039,1,1,.99999994,1,.975052,.97183102,.97524756,.97202796,-1.5258789e-06,-7.6293946e-07,-1.5258789e-06,-7.6293946e-07,-1.1999985,-.79999959,-.49999923,-.40000039,1,1,.99999994,1,.975052,.97183102,.97524756,.97202796,-1.5258789e-06,-7.6293946e-07,-1.5258789e-06,-7.6293946e-07,-1.1999985,-.79999959,-.49999923,-.40000039,1,1,.99999994,1,.975052,.97183102,.97524756,.97202796,-1.5258789e-06,-7.6293946e-07,-1.5258789e-06,-7.6293946e-07,-1.1999985,-.79999959,-.49999923,-.40000039,1,1,.99999994,1,.975052,.97183102,.97524756,.97202796,"Nigeria, Kano",NG,2017,4,0
NGKanoR5,1752,All,All,5,1420,0,10.3,69.10000000000001,64.10000000000001,46.8,43.5,69.099998,69.099998,69.099998,69.099998,64.099998,64.099998,64.099998,64.099998,46.799999,46.799999,46.799999,46.799999,43.5,43.5,43.5,43.5,40.7,25.9,12.5,12.5,36.5,36.5,36.5,36.5,23.200001,23.200001,23.200001,23.200001,11.2,11.2,11.2,11.2,11.2,11.2,11.2,11.2,-1.5258789e-06,-1.5258789e-06,-7.6293946e-07,0,-4.1999998,-2.6999993,-1.3000002,-1.3000002,1,1,1,1,.89680588,.89575291,.89599997,.89599997,-1.5258789e-06,-1.5258789e-06,-7.6293946e-07,0,-4.1999998,-2.6999993,-1.3000002,-1.3000002,1,1,1,1,.89680588,.89575291,.89599997,.89599997,-1.5258789e-06,-1.5258789e-06,-7.6293946e-07,0,-4.1999998,-2.6999993,-1.3000002,-1.3000002,1,1,1,1,.89680588,.89575291,.89599997,.89599997,-1.5258789e-06,-1.5258789e-06,-7.6293946e-07,0,-4.1999998,-2.6999993,-1.3000002,-1.3000002,1,1,1,1,.89680588,.89575291,.89599997,.89599997,"Nigeria, Kano",NG,2018,4,1
NGLagosR3,1432,All,All,3,1397,0,1.7,91.5,79.90000000000001,48.6,42.6,91.5,91.5,91.5,91.5,79.900002,79.900002,79.900002,79.900002,48.599998,48.599998,48.599998,48.599998,42.599998,42.599998,42.599998,42.599998,77.2,53.40000000000001,27.8,23.1,75.900002,75.900002,75.900002,75.900002,52.5,52.5,52.5,52.5,27.4,27.4,27.4,27.4,22.799999,22.799999,22.799999,22.799999,0,1.5258789e-06,-1.5258789e-06,-1.5258789e-06,-1.2999985,-.89999998,-.40000039,-.30000076,1,1,.99999994,.99999994,.98316061,.98314607,.9856115,.98701298,0,1.5258789e-06,-1.5258789e-06,-1.5258789e-06,-1.2999985,-.89999998,-.40000039,-.30000076,1,1,.99999994,.99999994,.98316061,.98314607,.9856115,.98701298,0,1.5258789e-06,-1.5258789e-06,-1.5258789e-06,-1.2999985,-.89999998,-.40000039,-.30000076,1,1,.99999994,.99999994,.98316061,.98314607,.9856115,.98701298,0,1.5258789e-06,-1.5258789e-06,-1.5258789e-06,-1.2999985,-.89999998,-.40000039,-.30000076,1,1,.99999994,.99999994,.98316061,.98314607,.9856115,.98701298,"Nigeria, Lagos",NG,2016,5,0
NGLagosR4,1535,All,All,4,1408,3.3,6.5999999,95.90000000000001,92.7,82.40000000000001,74.5,96.099998,96.099998,96.099998,92.699997,93,93,93,89.599998,83,83,83,79.599998,75.300003,75.300003,75.300003,72,84.40000000000001,69,54.6,49.3,78.800003,78.800003,78.800003,78.800003,64.400002,64.400002,64.400002,64.400002,51,51,51,51,46,46,46,46,.19999847,.30000001,.60000002,.80000305,-5.599997,-4.5999985,-3.5999999,-3.3,1.0020854,1.0032363,1.0072815,1.0107383,.9336493,.93333334,.93406594,.93306285,.19999847,.30000001,.60000002,.80000305,-5.599997,-4.5999985,-3.5999999,-3.3,1.0020854,1.0032363,1.0072815,1.0107383,.9336493,.93333334,.93406594,.93306285,.19999847,.30000001,.60000002,.80000305,-5.599997,-4.5999985,-3.5999999,-3.3,1.0020854,1.0032363,1.0072815,1.0107383,.9336493,.93333334,.93406594,.93306285,-3.2000031,-3.1000016,-2.8000016,-2.5,-5.599997,-4.5999985,-3.5999999,-3.3,.96663189,.96655875,.96601939,.96644294,.9336493,.93333334,.93406594,.93306285,"Nigeria, Lagos",NG,2017,4,0
NGLagosR5,1590,All,All,5,1420,4.0999999,4.0999999,100,100,100,100,100,100,100,95.900002,100,100,100,95.900002,100,100,100,95.900002,100,100,100,95.900002,82.7,75.90000000000001,62.90000000000001,57.7,83.400002,83.400002,83.400002,79.300003,72.699997,72.699997,72.699997,72.699997,60.299999,60.299999,60.299999,60.299999,55.299999,55.299999,55.299999,55.299999,0,0,0,0,.70000154,-3.2000031,-2.6000009,-2.4000008,1,1,1,1,1.0084643,.95783925,.95866454,.95840555,0,0,0,0,.70000154,-3.2000031,-2.6000009,-2.4000008,1,1,1,1,1.0084643,.95783925,.95866454,.95840555,0,0,0,0,.70000154,-3.2000031,-2.6000009,-2.4000008,1,1,1,1,1.0084643,.95783925,.95866454,.95840555,-4.0999985,-4.0999985,-4.0999985,-4.0999985,-3.399997,-3.2000031,-2.6000009,-2.4000008,.95899999,.95899999,.95899999,.95899999,.95888758,.95783925,.95866454,.95840555,"Nigeria, Lagos",NG,2018,4,1
UGR2,3631,All,All,2,1381,0,5,91.30000000000001,74.8,67.3,55,91.300003,91.300003,91.300003,91.300003,74.800003,74.800003,74.800003,74.800003,67.300003,67.300003,67.300003,67.300003,55,55,55,55,32.5,19.8,14.3,10.6,30.9,30.9,30.9,30.9,18.799999,18.799999,18.799999,18.799999,13.6,13.6,13.6,13.6,10,10,10,10,3.0517579e-06,3.0517579e-06,3.0517579e-06,0,-1.6000004,-1.0000007,-.69999963,-.60000002,1,1,1,1,.95076925,.9494949,.95104897,.94339621,3.0517579e-06,3.0517579e-06,3.0517579e-06,0,-1.6000004,-1.0000007,-.69999963,-.60000002,1,1,1,1,.95076925,.9494949,.95104897,.94339621,3.0517579e-06,3.0517579e-06,3.0517579e-06,0,-1.6000004,-1.0000007,-.69999963,-.60000002,1,1,1,1,.95076925,.9494949,.95104897,.94339621,3.0517579e-06,3.0517579e-06,3.0517579e-06,0,-1.6000004,-1.0000007,-.69999963,-.60000002,1,1,1,1,.95076925,.9494949,.95104897,.94339621,Uganda,UG,2015,1,0
UGR3,3690,All,All,3,1389,0,4.6999998,91.90000000000001,67,61.7,47,91.900002,91.900002,91.900002,91.900002,67,67,67,67,61.700001,61.700001,61.700001,61.700001,47,47,47,47,36.5,26.2,13.9,10.4,34.700001,34.700001,34.700001,34.700001,25,25,25,25,13.2,13.2,13.2,13.2,9.8999996,9.8999996,9.8999996,9.8999996,1.5258789e-06,0,7.6293946e-07,0,-1.7999992,-1.2,-.70000017,-.50000036,1,1,1,1,.95068496,.95419848,.94964027,.95192301,1.5258789e-06,0,7.6293946e-07,0,-1.7999992,-1.2,-.70000017,-.50000036,1,1,1,1,.95068496,.95419848,.94964027,.95192301,1.5258789e-06,0,7.6293946e-07,0,-1.7999992,-1.2,-.70000017,-.50000036,1,1,1,1,.95068496,.95419848,.94964027,.95192301,1.5258789e-06,0,7.6293946e-07,0,-1.7999992,-1.2,-.70000017,-.50000036,1,1,1,1,.95068496,.95419848,.94964027,.95192301,Uganda,UG,2015,9,0
UGR4,3793,All,All,4,1396,0,4.4000001,87.90000000000001,56.1,37.5,22.2,87.900002,87.900002,87.900002,87.900002,56.099998,56.099998,56.099998,56.099998,37.5,37.5,37.5,37.5,22.200001,22.200001,22.200001,22.200001,41.6,13.6,8.6,6.5,39.799999,39.799999,39.799999,39.799999,13,13,13,13,8.1999998,8.1999998,8.1999998,8.1999998,6.1999998,6.1999998,6.1999998,6.1999998,1.5258789e-06,-1.5258789e-06,0,7.6293946e-07,-1.8000008,-.60000002,-.40000018,-.30000019,1,1,1,1,.95673072,.95588237,.95348835,.9538461,1.5258789e-06,-1.5258789e-06,0,7.6293946e-07,-1.8000008,-.60000002,-.40000018,-.30000019,1,1,1,1,.95673072,.95588237,.95348835,.9538461,1.5258789e-06,-1.5258789e-06,0,7.6293946e-07,-1.8000008,-.60000002,-.40000018,-.30000019,1,1,1,1,.95673072,.95588237,.95348835,.9538461,1.5258789e-06,-1.5258789e-06,0,7.6293946e-07,-1.8000008,-.60000002,-.40000018,-.30000019,1,1,1,1,.95673072,.95588237,.95348835,.9538461,Uganda,UG,2016,4,0
UGR5,4119,All,All,5,1408,0,2.5,93.5,78,71.3,55.40000000000001,93.5,93.5,93.5,93.5,78,78,78,78,71.300003,71.300003,71.300003,71.300003,55.400002,55.400002,55.400002,55.400002,44,33.8,23.4,14.1,42.900002,42.900002,42.900002,42.900002,32.900002,32.900002,32.900002,32.900002,22.9,22.9,22.9,22.9,13.7,13.7,13.7,13.7,0,0,3.0517579e-06,1.5258789e-06,-1.0999985,-.89999849,-.50000036,-.40000018,1,1,1,1,.97500002,.97337282,.97863245,.97163117,0,0,3.0517579e-06,1.5258789e-06,-1.0999985,-.89999849,-.50000036,-.40000018,1,1,1,1,.97500002,.97337282,.97863245,.97163117,0,0,3.0517579e-06,1.5258789e-06,-1.0999985,-.89999849,-.50000036,-.40000018,1,1,1,1,.97500002,.97337282,.97863245,.97163117,0,0,3.0517579e-06,1.5258789e-06,-1.0999985,-.89999849,-.50000036,-.40000018,1,1,1,1,.97500002,.97337282,.97863245,.97163117,Uganda,UG,2017,4,0
UGR6,4227,All,All,6,1420,0,.89999998,92.2,69.90000000000001,63.90000000000001,58.8,92.199997,92.199997,92.199997,92.199997,69.900002,69.900002,69.900002,69.900002,63.900002,63.900002,63.900002,63.900002,58.799999,58.799999,58.799999,58.799999,40.8,27.4,18.2,12.6,40.5,40.5,40.5,40.5,27.1,27.1,27.1,27.1,18.1,18.1,18.1,18.1,12.5,12.5,12.5,12.5,-3.0517579e-06,1.5258789e-06,1.5258789e-06,-7.6293946e-07,-.30000001,-.29999962,-.099999622,-.1,.99999994,1,1,1,.99264705,.9890511,.99450552,.99206346,-3.0517579e-06,1.5258789e-06,1.5258789e-06,-7.6293946e-07,-.30000001,-.29999962,-.099999622,-.1,.99999994,1,1,1,.99264705,.9890511,.99450552,.99206346,-3.0517579e-06,1.5258789e-06,1.5258789e-06,-7.6293946e-07,-.30000001,-.29999962,-.099999622,-.1,.99999994,1,1,1,.99264705,.9890511,.99450552,.99206346,-3.0517579e-06,1.5258789e-06,1.5258789e-06,-7.6293946e-07,-.30000001,-.29999962,-.099999622,-.1,.99999994,1,1,1,.99264705,.9890511,.99450552,.99206346,Uganda,UG,2018,4,1
